Sample	Genome	Mean	Covered Fraction	Covered Bases	Length	Read Count
17119-05-02-243200066_1.fastq	bin_178	0	0	0	3037768	0
17119-05-02-243200066_1.fastq	bin_577	0.0023939535	0.0022319714	5055	2264814	38
17119-05-02-243200066_1.fastq	bin_154	0.03987143	0.030049521	64878	2159036	567
17119-05-02-243200066_1.fastq	bin_265	2.8636117	0.57335836	1353640	2360897	45283
17119-05-02-243200066_1.fastq	bin_183	0.06052435	0.052949503	115602	2183250	861
17119-05-02-243200066_1.fastq	bin_85	1.1367017	0.09180955	382874	4170307	44121
17119-05-02-243200066_1.fastq	bin_360	0.0039830296	0.0034879458	4452	1276396	34
17119-05-02-243200066_1.fastq	bin_585	0.12839693	0.020165537	42113	2088365	2157
17119-05-02-243200066_1.fastq	bin_55	0.0016674086	0.00065891695	1229	1865182	50
17119-05-02-243200066_1.fastq	bin_508	0.010038619	0.009289314	10752	1157459	78
17119-05-02-243200066_1.fastq	bin_457	0.0019000206	0.0017957463	3433	1911740	25
17119-05-02-243200066_1.fastq	bin_439	0.009672782	0.009401169	18907	2011133	135
17119-05-02-243200066_1.fastq	bin_25	0.10289584	0.08976326	427099	4758060	3346
17119-05-02-243200066_1.fastq	bin_450	0.0040780827	0.0038887013	9674	2487720	68
17119-05-02-243200066_1.fastq	bin_506	0.0037797363	0.0037374622	10698	2862370	72
17119-05-02-243200066_1.fastq	bin_316	5.8566856	0.93326265	2644493	2833600	115151
17119-05-02-243200066_1.fastq	bin_181	0.000016618043	0.000008248132	26	3152229	2
17119-05-02-243200066_1.fastq	bin_338	0.1276517	0.110151544	291613	2647380	2315
17119-05-02-243200066_1.fastq	bin_42	0.10105989	0.00043490736	1049	2412008	5481
17119-05-02-243200066_1.fastq	bin_63	0	0	0	1800754	0
17119-05-02-243200066_1.fastq	bin_279	0.041721337	0.016989063	38362	2258041	681
17119-05-02-243200066_1.fastq	bin_113	0.008321326	0.00021775218	356	1634886	17297
17119-05-02-243200066_1.fastq	bin_129	0.11067842	0.09779909	173975	1778902	1390
17119-05-02-243200066_1.fastq	bin_119	0.021004973	0.008024571	21763	2712045	384
17119-05-02-243200066_1.fastq	bin_54	113.80985	0.99940693	2596828	2598369	2045336
17119-05-02-243200066_1.fastq	bin_67	0.005359607	0.00029806801	884	2965766	253
17119-05-02-243200066_1.fastq	bin_281	0.001011295	0.0009175457	3985	4343108	30
17119-05-02-243200066_1.fastq	bin_101	0.000112001515	0.000087454784	152	1738041	3
17119-05-02-243200066_1.fastq	bin_260	0.005063162	0.004713538	11469	2433204	82
17119-05-02-243200066_1.fastq	bin_499	0.009024392	0.008717144	13826	1586070	94
17119-05-02-243200066_1.fastq	bin_386	0.0005104962	0.00051879947	1076	2074019	8
17119-05-02-243200066_1.fastq	bin_475	0.01275514	0.011987822	23740	1980343	169
17119-05-02-243200066_1.fastq	bin_128	0	0	0	2792905	0
17119-05-02-243200066_1.fastq	bin_185	0.023980066	0.022347856	59681	2670547	426
17119-05-02-243200066_1.fastq	bin_580	0.003074122	0.0030471059	7278	2388496	50
17119-05-02-243200066_1.fastq	bin_86	0.020263249	0.0063873585	11555	1809042	329
17119-05-02-243200066_1.fastq	bin_326	0.0037030068	0.0034776544	8407	2417434	61
17119-05-02-243200066_1.fastq	bin_224	0.008714124	0.00031605936	642	2031264	148
17119-05-02-243200066_1.fastq	bin_362	0.01160737	0.010954167	21146	1930407	153
17119-05-02-243200066_1.fastq	bin_222	0	0	0	1249186	0
17119-05-02-243200066_1.fastq	bin_574	3.747136	0.93680835	2650155	2828919	71005
17119-05-02-243200066_1.fastq	bin_584	0.030577287	0.00564903	16068	2844382	581
17119-05-02-243200066_1.fastq	bin_169	0.00011743177	0.00011418175	151	1322453	1
17119-05-02-243200066_1.fastq	bin_139	0.018749043	0.01237097	28050	2267405	415
17119-05-02-243200066_1.fastq	bin_99	0.03587237	0.010725873	21539	2008135	697
17119-05-02-243200066_1.fastq	bin_264	2.1322825	0.8382459	4281134	5107253	74146
17119-05-02-243200066_1.fastq	bin_81	0.025510894	0.015504377	37430	2414157	529
17119-05-02-243200066_1.fastq	bin_425	0.014758479	0.014358388	22066	1536802	155
17119-05-02-243200066_1.fastq	bin_501	0.016919473	0.015626132	25435	1627722	185
17119-05-02-243200066_1.fastq	bin_531	93.876686	0.9996188	2420470	2421393	1517934
17119-05-02-243200066_1.fastq	bin_20	0.0007813653	0.0006383786	1317	2063039	13
17119-05-02-243200066_1.fastq	bin_396	0.0009975967	0.00079389836	3675	4629056	34
17119-05-02-243200066_1.fastq	bin_93	0.000013329346	0.000013146176	32	2434168	1
17119-05-02-243200066_1.fastq	bin_373	0.011765499	0.010962799	19308	1761229	137
17119-05-02-243200066_1.fastq	bin_393	0.00076916174	0.00073863985	2259	3058324	16
17119-05-02-243200066_1.fastq	bin_353	0.01121611	0.011113568	10201	917887	69
17119-05-02-243200066_1.fastq	bin_82	0.00032838123	0.00032685246	1348	4124185	9
17119-05-02-243200066_1.fastq	bin_46	0.13744825	0.11942226	298944	2503252	2359
17119-05-02-243200066_1.fastq	bin_41	0.000017678489	0.000017411445	37	2125039	1
17119-05-02-243200066_1.fastq	bin_162	0.00024258939	0.00021723601	378	1740043	5
17119-05-02-243200066_1.fastq	bin_77	0	0	0	1180198	0
17119-05-02-243200066_1.fastq	bin_400	0.0008512581	0.00082647766	1350	1633438	9
17119-05-02-243200066_1.fastq	bin_485	0.000068323374	0.00011156409	319	2859343	4
17119-05-02-243200066_1.fastq	bin_166	1.4398637	0.6862899	1422224	2072337	19833
17119-05-02-243200066_1.fastq	bin_358	0.011097032	0.010883625	20699	1901848	145
17119-05-02-243200066_1.fastq	bin_51	0.07843548	0.0015570445	4521	2903578	1602
17119-05-02-243200066_1.fastq	bin_56	0.00050460047	0.00036246236	1024	2825121	512
17119-05-02-243200066_1.fastq	bin_277	0.8899275	0.10354333	496257	4792747	35066
17119-05-02-243200066_1.fastq	bin_476	0.017242923	0.01642572	23926	1456618	169
17119-05-02-243200066_1.fastq	bin_555	0.08151987	0.07528323	306945	4077203	2267
17119-05-02-243200066_1.fastq	bin_344	0.14433996	0.11809976	314729	2664942	2754
17119-05-02-243200066_1.fastq	bin_364	0.00024217064	0.00016282003	337	2069770	7
17119-05-02-243200066_1.fastq	bin_40	0	0	0	1475957	0
17119-05-02-243200066_1.fastq	bin_161	0.015420146	0.015285223	22952	1501581	155
17119-05-02-243200066_1.fastq	bin_528	0.025931139	0.014067348	33440	2377136	582
17119-05-02-243200066_1.fastq	bin_21	0.034655984	0.030495107	134806	4420578	1031
17119-05-02-243200066_1.fastq	bin_430	3.744614	0.93420565	2650249	2836901	71121
17119-05-02-243200066_1.fastq	bin_453	0.008183441	0.007980198	14991	1878525	106
17119-05-02-243200066_1.fastq	bin_147	0	0.000016208973	31	1912521	1
17119-05-02-243200066_1.fastq	bin_517	3.747536	0.9372948	2659663	2837595	71208
17119-05-02-243200066_1.fastq	bin_251	0.0077784574	0.006580284	30807	4681713	250
17119-05-02-243200066_1.fastq	bin_198	0.024040056	0.007854345	17849	2272500	456
17119-05-02-243200066_1.fastq	bin_405	0.053966425	0.05040856	81641	1619586	587
17119-05-02-243200066_1.fastq	bin_455	0.004361934	0.0041352967	12699	3070880	97
17119-05-02-243200066_1.fastq	bin_382	13.311015	0.9832261	2438680	2480284	218802
17119-05-02-243200066_1.fastq	bin_76	0.000044091234	0.00004304245	57	1324274	1
17119-05-02-243200066_1.fastq	bin_88	0.000072906434	0.000026070973	72	2761692	4
17119-05-02-243200066_1.fastq	bin_186	0.15619148	0.10825388	252336	2330965	2424
17119-05-02-243200066_1.fastq	bin_399	3.7916183	0.93795365	2661510	2837571	72082
17119-05-02-243200066_1.fastq	bin_292	0.00003077856	0.00005306178	92	1733828	6
17119-05-02-243200066_1.fastq	bin_38	104.46587	0.99981964	2571866	2572330	1797903
17119-05-02-243200066_1.fastq	bin_275	0.022631258	0.008625851	16928	1962473	389
17119-05-02-243200066_1.fastq	bin_346	6.502757	0.72707057	1348886	1855234	79191
17119-05-02-243200066_1.fastq	bin_477	0.01391672	0.013214387	12456	942609	89
17119-05-02-243200066_1.fastq	bin_304	1.7939533	0.350009	935811	2673677	32369
17119-05-02-243200066_1.fastq	bin_295	0.00026031196	0.00023219784	415	1787269	7
17119-05-02-243200066_1.fastq	bin_351	0.12331145	0.11135423	276085	2479340	2075
17119-05-02-243200066_1.fastq	bin_409	0.11455374	0.09831613	351479	3574988	2729
17119-05-02-243200066_1.fastq	bin_404	0.09372024	0.085377164	343535	4023734	2563
17119-05-02-243200066_1.fastq	bin_403	0.0107008	0.010393763	21395	2058446	153
17119-05-02-243200066_1.fastq	bin_142	0.0006450102	0.0002932596	579	1974360	13
17119-05-02-243200066_1.fastq	bin_534	0.00006291304	0.000042956744	78	1815780	2
17119-05-02-243200066_1.fastq	bin_219	3.6835387	0.9250488	3719797	4021190	100705
17119-05-02-243200066_1.fastq	bin_573	0.0009929817	0.00096731033	1323	1367710	9
17119-05-02-243200066_1.fastq	bin_434	0.0078092436	0.00707592	9609	1357986	70
17119-05-02-243200066_1.fastq	bin_268	3.2315671	0.93364865	2593126	2777411	60246
17119-05-02-243200066_1.fastq	bin_436	0.011105483	0.010623008	18655	1756094	136
17119-05-02-243200066_1.fastq	bin_352	0.20182624	0.12012721	162316	1351201	2031
17119-05-02-243200066_1.fastq	bin_332	0.012322631	0.004837635	9947	2056170	170
17119-05-02-243200066_1.fastq	bin_414	0.000010548669	0.000010482892	29	2766412	1
17119-05-02-243200066_1.fastq	bin_328	0.051039807	0.048306573	81908	1695587	585
17119-05-02-243200066_1.fastq	bin_165	0	0	0	1250295	0
17119-05-02-243200066_1.fastq	bin_141	0.010487597	0.009824957	29719	3024848	213
17119-05-02-243200066_1.fastq	bin_582	0.002917106	0.002769124	6910	2495374	49
17119-05-02-243200066_1.fastq	bin_284	0.019172924	0.016125547	95220	5904916	756
17119-05-02-243200066_1.fastq	bin_287	0.0009963639	0.00097310485	1657	1702797	11
17119-05-02-243200066_1.fastq	bin_195	0.006595694	0.0054983366	12506	2274506	103
17119-05-02-243200066_1.fastq	bin_467	0.001784282	0.00025208128	620	2459524	58
17119-05-02-243200066_1.fastq	bin_110	0.017867599	0.015786381	75140	4759799	574
17119-05-02-243200066_1.fastq	bin_64	0.00060762384	0.0004640378	1318	2840286	19
17119-05-02-243200066_1.fastq	bin_144	0.03626536	0.00533403	10887	2041046	732
17119-05-02-243200066_1.fastq	bin_363	0.017086212	0.016542168	26893	1625724	186
17119-05-02-243200066_1.fastq	bin_257	0.0017094034	0.0013997689	5683	4059956	62
17119-05-02-243200066_1.fastq	bin_176	0.0039749336	0.0025447286	10951	4303406	215
17119-05-02-243200066_1.fastq	bin_34	0.0030747456	0.002890447	10203	3529904	91
17119-05-02-243200066_1.fastq	bin_29	0.0015444217	0.0009881145	1826	1847964	38
17119-05-02-243200066_1.fastq	bin_556	0.014614036	0.011648919	22285	1913053	186
17119-05-02-243200066_1.fastq	bin_538	0.006716058	0.0065162936	12224	1875913	89
17119-05-02-243200066_1.fastq	bin_377	13.649088	0.9981117	2623353	2628316	239573
17119-05-02-243200066_1.fastq	bin_153	0.00008354686	0.00008288647	151	1821769	1
17119-05-02-243200066_1.fastq	bin_371	0	0	0	871658	0
17119-05-02-243200066_1.fastq	bin_39	0.000023020146	0.000011470465	31	2702593	2
17119-05-02-243200066_1.fastq	bin_464	0.0006444802	0.0005930328	2604	4390988	19
17119-05-02-243200066_1.fastq	bin_201	0.026218548	0.0067991763	9604	1412524	362
17119-05-02-243200066_1.fastq	bin_445	4.098836	0.9373787	2668315	2846571	78124
17119-05-02-243200066_1.fastq	bin_19	0.0021298977	0.0015171209	3176	2093439	43
17119-05-02-243200066_1.fastq	bin_207	0.02632805	0.021348184	97895	4585636	817
17119-05-02-243200066_1.fastq	bin_239	0	0	0	1902677	0
17119-05-02-243200066_1.fastq	bin_108	0.004434438	0.0035653585	6161	1728017	54
17119-05-02-243200066_1.fastq	bin_188	0.004684138	0.0038545176	5876	1524445	50
17119-05-02-243200066_1.fastq	bin_505	0.0034752071	0.0033463326	7824	2338082	54
17119-05-02-243200066_1.fastq	bin_246	0.0007899955	0.00069174706	691	998920	5
17119-05-02-243200066_1.fastq	bin_415	0.0170961	0.016370254	24974	1525572	174
17119-05-02-243200066_1.fastq	bin_495	0.0054081585	0.0051141414	11862	2319451	122
17119-05-02-243200066_1.fastq	bin_48	0	0	0	2331821	0
17119-05-02-243200066_1.fastq	bin_280	0.00025031835	0.00011419073	237	2075475	6
17119-05-02-243200066_1.fastq	bin_203	0.0000012304315	0.000025993715	43	1654246	28
17119-05-02-243200066_1.fastq	bin_211	0.8724464	0.032424655	63395	1955148	12413
17119-05-02-243200066_1.fastq	bin_359	0.022296628	0.021261472	36521	1717708	255
17119-05-02-243200066_1.fastq	bin_448	1.788522	0.34639004	681918	1968642	23154
17119-05-02-243200066_1.fastq	bin_547	0.016955089	0.016087987	27582	1714447	194
17119-05-02-243200066_1.fastq	bin_341	0.0019333657	0.0019247415	4207	2185748	28
17119-05-02-243200066_1.fastq	bin_80	0.00011930308	0.00011685582	296	2533036	2
17119-05-02-243200066_1.fastq	bin_115	0.0384437	0.032448746	62503	1926207	501
17119-05-02-243200066_1.fastq	bin_426	0	0	0	1526143	0
17119-05-02-243200066_1.fastq	bin_471	0.027034847	0.00265503	5429	2044798	385
17119-05-02-243200066_1.fastq	bin_230	0.0275466	0.02488265	50497	2029406	380
17119-05-02-243200066_1.fastq	bin_583	94.96867	0.9997212	2463598	2464285	1562569
17119-05-02-243200066_1.fastq	bin_518	4.210796	0.9336112	2633454	2820718	79840
17119-05-02-243200066_1.fastq	bin_422	0.0188733	0.017809268	25847	1451323	184
17119-05-02-243200066_1.fastq	bin_236	0.1193817	0.091093905	397542	4364090	3585
17119-05-02-243200066_1.fastq	bin_283	0.106114365	0.07657778	189312	2472153	1837
17119-05-02-243200066_1.fastq	bin_456	0.01767087	0.016948601	24995	1474753	174
17119-05-02-243200066_1.fastq	bin_155	0.1248366	0.10441245	458689	4393049	3703
17119-05-02-243200066_1.fastq	bin_14	0.0010286999	0.00060661335	1611	2655728	51
17119-05-02-243200066_1.fastq	bin_516	0.020064803	0.012602456	29115	2310264	451
17119-05-02-243200066_1.fastq	bin_138	0.0031321754	0.002652646	10710	4037478	96
17119-05-02-243200066_1.fastq	bin_98	0.00030748546	0.0003258116	642	1970464	7
17119-05-02-243200066_1.fastq	bin_1	0.00007669115	0.00007658253	146	1906440	1
17119-05-02-243200066_1.fastq	bin_243	0.0004890623	0.00042440795	899	2118245	8
17119-05-02-243200066_1.fastq	bin_442	36.157734	0.74866784	1818294	2428706	584855
17119-05-02-243200066_1.fastq	bin_193	0.00012187574	0.00006110677	84	1374643	2
17119-05-02-243200066_1.fastq	bin_318	3.0000665	0.9334107	2587477	2772067	55569
17119-05-02-243200066_1.fastq	bin_286	0.000022124757	0.000021870717	38	1737483	1
17119-05-02-243200066_1.fastq	bin_89	0.0007163238	0.0006143743	1803	2934693	14
17119-05-02-243200066_1.fastq	bin_73	0.0002554095	0.00025274427	505	1998067	4
17119-05-02-243200066_1.fastq	bin_97	0	0	0	1887971	0
17119-05-02-243200066_1.fastq	bin_288	0.004926521	0.004546262	12545	2759410	100
17119-05-02-243200066_1.fastq	bin_507	0.054357953	0.022505868	59426	2640467	995
17119-05-02-243200066_1.fastq	bin_366	3.7492602	0.93321234	2648283	2837814	71134
17119-05-02-243200066_1.fastq	bin_189	91.564804	0.9986281	2320606	2323794	1414870
17119-05-02-243200066_1.fastq	bin_179	1.4397085	0.6510767	1254447	1926727	18731
17119-05-02-243200066_1.fastq	bin_487	0.0002208181	0.00015022542	264	1757359	6
17119-05-02-243200066_1.fastq	bin_321	0.12710786	0.1144084	305178	2667444	2316
17119-05-02-243200066_1.fastq	bin_62	1.8240352	0.03205844	59585	1858637	28302
17119-05-02-243200066_1.fastq	bin_282	0.015588567	0.008485383	20035	2361119	249
17119-05-02-243200066_1.fastq	bin_407	12.933204	0.979496	2345555	2394655	203761
17119-05-02-243200066_1.fastq	bin_205	0.000026902015	0.00001505626	36	2391032	2
17119-05-02-243200066_1.fastq	bin_462	0.12568736	0.112805404	297123	2633943	2270
17119-05-02-243200066_1.fastq	bin_301	0.005185523	0.0047998666	22313	4648671	162
17119-05-02-243200066_1.fastq	bin_319	0.5187753	0.011011923	22626	2054682	7301
17119-05-02-243200066_1.fastq	bin_504	0.04867386	0.04588419	78626	1713575	566
17119-05-02-243200066_1.fastq	bin_417	3.6521702	0.9258933	3722116	4020027	99498
17119-05-02-243200066_1.fastq	bin_378	0.101883285	0.09207764	248846	2702567	1873
17119-05-02-243200066_1.fastq	bin_190	0.00019938074	0.0001786195	272	1522790	3
17119-05-02-243200066_1.fastq	bin_330	3.8065848	0.9379026	2661084	2837271	72559
17119-05-02-243200066_1.fastq	bin_443	0.0005955517	0.00058426365	971	1661921	7
17119-05-02-243200066_1.fastq	bin_384	0	0	0	1324857	0
17119-05-02-243200066_1.fastq	bin_503	0.0008461467	0.00049905403	584	1170214	7
17119-05-02-243200066_1.fastq	bin_123	0.0005928349	0.00047250136	1399	2960838	12
17119-05-02-243200066_1.fastq	bin_458	0.018929925	0.012223221	7517	614977	78
17119-05-02-243200066_1.fastq	bin_459	3.0025146	0.9298743	2522550	2712786	54301
17119-05-02-243200066_1.fastq	bin_214	0	0	0	2607839	0
17119-05-02-243200066_1.fastq	bin_447	0.028741157	0.015007238	35364	2356463	615
17119-05-02-243200066_1.fastq	bin_33	0.16289106	0.13145702	606402	4612930	5151
17119-05-02-243200066_1.fastq	bin_235	0	0	0	1851793	0
17119-05-02-243200066_1.fastq	bin_293	0.009914694	0.009707391	16512	1700972	114
17119-05-02-243200066_1.fastq	bin_206	0.25329083	0.024552643	50076	2039536	3938
17119-05-02-243200066_1.fastq	bin_478	0.021971663	0.019886766	39203	1971311	295
17119-05-02-243200066_1.fastq	bin_102	0.000060641458	0.000030850824	69	2236569	4
17119-05-02-243200066_1.fastq	bin_290	0.021532651	0.014856782	28769	1936422	293
17119-05-02-243200066_1.fastq	bin_451	0.17374878	0.14645037	614341	4194875	4964
17119-05-02-243200066_1.fastq	bin_274	3.4854403	0.9063042	3394893	3745865	87551
17119-05-02-243200066_1.fastq	bin_197	0.004958592	0.002903598	9725	3349293	179
17119-05-02-243200066_1.fastq	bin_196	0.0022207175	0.0007913882	2658	3358655	103
17119-05-02-243200066_1.fastq	bin_493	0.009978229	0.009913408	18969	1913469	128
17119-05-02-243200066_1.fastq	bin_300	0.0078890845	0.007314761	17733	2424276	129
17119-05-02-243200066_1.fastq	bin_134	6.0406523	0.12915073	300736	2328566	95259
17119-05-02-243200066_1.fastq	bin_564	0.0005926391	0.00056910265	604	1061320	4
17119-05-02-243200066_1.fastq	bin_546	1.166927	0.5212796	1551179	2975714	23474
17119-05-02-243200066_1.fastq	bin_313	0.023333205	0.0033998217	9994	2939566	745
17119-05-02-243200066_1.fastq	bin_545	0.0010188097	0.00094250287	1688	1790976	12
17119-05-02-243200066_1.fastq	bin_525	0.12841669	0.11563132	315686	2730108	2390
17119-05-02-243200066_1.fastq	bin_368	3.7358496	0.9343498	2651481	2837782	70967
17119-05-02-243200066_1.fastq	bin_572	1.0096507	0.48286107	1138246	2357295	15839
17119-05-02-243200066_1.fastq	bin_194	0.23155873	0.18700081	936372	5007315	7823
17119-05-02-243200066_1.fastq	bin_406	0.09317911	0.084105074	198617	2361534	1500
17119-05-02-243200066_1.fastq	bin_367	11.199015	0.934352	2656160	2842783	223694
17119-05-02-243200066_1.fastq	bin_122	0.000025426274	0.000024853136	43	1730164	1
17119-05-02-243200066_1.fastq	bin_4	1.0398693	0.50159204	1678633	3346610	23729
17119-05-02-243200066_1.fastq	bin_184	3.288665	0.86961406	2016308	2318624	51210
17119-05-02-243200066_1.fastq	bin_298	0.00033561903	0.000351821	666	1893008	6
17119-05-02-243200066_1.fastq	bin_60	0.004422069	0.0024471565	4395	1795962	84
17119-05-02-243200066_1.fastq	bin_349	0.012390047	0.011754016	21215	1804915	152
17119-05-02-243200066_1.fastq	bin_159	0.00060314697	0.0005750655	784	1363323	7
17119-05-02-243200066_1.fastq	bin_237	0.0009513926	0.00078885315	1917	2430110	16
17119-05-02-243200066_1.fastq	bin_45	0.0038731117	0.0011234742	3539	3150050	82
17119-05-02-243200066_1.fastq	bin_221	0.0050652577	0.0008869857	1655	1865870	178
17119-05-02-243200066_1.fastq	bin_173	0	0	0	3089380	0
17119-05-02-243200066_1.fastq	bin_468	0.014859765	0.014615895	22517	1540583	156
17119-05-02-243200066_1.fastq	bin_175	0.107633665	0.090067945	222147	2466438	1826
17119-05-02-243200066_1.fastq	bin_514	0.16006869	0.13849314	572678	4135064	4492
17119-05-02-243200066_1.fastq	bin_521	0.009170436	0.008965222	15441	1722322	105
17119-05-02-243200066_1.fastq	bin_72	0.00029261748	0.000041078856	78	1898787	9
17119-05-02-243200066_1.fastq	bin_452	0.012197255	0.011767292	22745	1932900	157
17119-05-02-243200066_1.fastq	bin_418	0.00070434896	0.00021531076	198	919601	7
17119-05-02-243200066_1.fastq	bin_549	3.6478858	0.9250786	3704639	4004675	99658
17119-05-02-243200066_1.fastq	bin_533	0.012868506	0.011754937	24363	2072576	183
17119-05-02-243200066_1.fastq	bin_18	0.028381102	0.0029817468	12239	4104641	989
17119-05-02-243200066_1.fastq	bin_412	0.051192313	0.003307472	6462	1953758	1190
17119-05-02-243200066_1.fastq	bin_208	0.00003322405	0.000032955082	69	2093759	2
17119-05-02-243200066_1.fastq	bin_557	3.5514166	0.9183843	2425003	2640510	62424
17119-05-02-243200066_1.fastq	bin_216	0.00075843843	0.00050156435	2396	4777054	119
17119-05-02-243200066_1.fastq	bin_291	0.00053293316	0.0005927978	961	1621126	62
17119-05-02-243200066_1.fastq	bin_372	0.0037055626	0.0035725534	8428	2359097	66
17119-05-02-243200066_1.fastq	bin_376	0.010762104	0.009963242	20261	2033575	149
17119-05-02-243200066_1.fastq	bin_289	0	0	0	1754078	0
17119-05-02-243200066_1.fastq	bin_17	0.010776868	0.009726818	20282	2085163	153
17119-05-02-243200066_1.fastq	bin_509	0.011582531	0.0029433325	9512	3231711	569
17119-05-02-243200066_1.fastq	bin_15	0.005087455	0.004345698	9384	2159377	74
17119-05-02-243200066_1.fastq	bin_26	0.00017143169	0.000089521425	239	2669752	8
17119-05-02-243200066_1.fastq	bin_74	1.0324806	0.43085822	1095339	2542226	17553
17119-05-02-243200066_1.fastq	bin_454	0.017929079	0.017052706	25678	1505802	180
17119-05-02-243200066_1.fastq	bin_92	0.0037293406	0.0025812336	5643	2186164	89
17119-05-02-243200066_1.fastq	bin_200	0.0046255384	0.0013672569	2266	1657333	84
17119-05-02-243200066_1.fastq	bin_262	0.005296438	0.005020925	24715	4922400	176
17119-05-02-243200066_1.fastq	bin_117	0.14475887	0.10783712	496844	4607356	4618
17119-05-02-243200066_1.fastq	bin_149	0	0	0	1568922	0
17119-05-02-243200066_1.fastq	bin_336	0.12888739	0.11664285	443155	3799247	3336
17119-05-02-243200066_1.fastq	bin_261	0.4682272	0.1083852	253821	2341842	9180
17119-05-02-243200066_1.fastq	bin_333	3.9449406	0.8978459	2108733	2348658	61678
17119-05-02-243200066_1.fastq	bin_156	1.920346	0.35257435	946922	2685737	34778
17119-05-02-243200066_1.fastq	bin_334	0.0007641404	0.0006953364	1387	1994718	10
17119-05-02-243200066_1.fastq	bin_296	0.08650463	0.0009787213	3614	3692573	7625
17119-05-02-243200066_1.fastq	bin_402	0.00026356013	0.00015174689	177	1166416	2
17119-05-02-243200066_1.fastq	bin_529	0.13185227	0.11573979	308972	2669540	2412
17119-05-02-243200066_1.fastq	bin_218	0.00018741356	0.00011389885	182	1597909	2
17119-05-02-243200066_1.fastq	bin_513	0.003897287	0.0022261038	4904	2202952	136
17119-05-02-243200066_1.fastq	bin_581	0.00045284597	0.00035874994	733	2043206	6
17119-05-02-243200066_1.fastq	bin_566	1.0568942	0.009483982	27611	2911330	22597
17119-05-02-243200066_1.fastq	bin_227	0.44773632	0.18616538	926829	4978525	20472
17119-05-02-243200066_1.fastq	bin_552	3.8644085	0.93743664	2659310	2836789	73304
17119-05-02-243200066_1.fastq	bin_539	3.749131	0.93739825	2652987	2830160	70949
17119-05-02-243200066_1.fastq	bin_49	0.040021654	0.016012168	35414	2211693	714
17119-05-02-243200066_1.fastq	bin_424	0.003126526	0.0026176304	6064	2316599	48
17119-05-02-243200066_1.fastq	bin_167	0.01102875	0.0042707496	10945	2562782	7535
17119-05-02-243200066_1.fastq	bin_22	0.16479923	0.08064013	149496	1853866	2407
17119-05-02-243200066_1.fastq	bin_559	0.0898593	0.07610935	82186	1079841	648
17119-05-02-243200066_1.fastq	bin_461	0.23799567	0.014064036	28487	2025521	5914
17119-05-02-243200066_1.fastq	bin_398	3.7495253	0.93570614	2645288	2827050	70834
17119-05-02-243200066_1.fastq	bin_36	0.0001168083	0.00011615964	342	2944224	3
17119-05-02-243200066_1.fastq	bin_125	0.07659328	0.015535948	34712	2234302	1269
17119-05-02-243200066_1.fastq	bin_27	0.0014731728	0.0011584886	1802	1555475	29
17119-05-02-243200066_1.fastq	bin_576	0.008221838	0.00799248	22114	2766851	153
17119-05-02-243200066_1.fastq	bin_68	0.00036848529	0.0003467605	539	1554387	7
17119-05-02-243200066_1.fastq	bin_553	3.7689059	0.9357911	2653502	2835571	71545
17119-05-02-243200066_1.fastq	bin_31	0.11480353	0.07636987	177955	2330173	1853
17119-05-02-243200066_1.fastq	bin_23	0.0017988506	0.000085465144	523	6119454	331
17119-05-02-243200066_1.fastq	bin_252	0.095682435	0.075152755	169489	2255260	1457
17119-05-02-243200066_1.fastq	bin_90	0.13866599	0.08372676	172272	2057550	2168
17119-05-02-243200066_1.fastq	bin_180	0.06320736	0.008663234	30665	3539671	1505
17119-05-02-243200066_1.fastq	bin_191	0.009319476	0.0040084594	10783	2690061	268
17119-05-02-243200066_1.fastq	bin_152	0.02181248	0.01783051	40790	2287652	336
17119-05-02-243200066_1.fastq	bin_315	13.338757	0.99538255	2623704	2635875	234666
17119-05-02-243200066_1.fastq	bin_32	0	0	0	1885599	0
17119-05-02-243200066_1.fastq	bin_548	0.00086141407	0.00014734275	232	1574560	15
17119-05-02-243200066_1.fastq	bin_355	0.042266052	0.00936512	14194	1515624	733
17119-05-02-243200066_1.fastq	bin_6	0.00041590686	0.00013694826	180	1314365	14
17119-05-02-243200066_1.fastq	bin_91	0.00023341739	0.000020994985	33	1571804	11
17119-05-02-243200066_1.fastq	bin_160	0.0019440366	0.00097046664	4508	4645188	70
17119-05-02-243200066_1.fastq	bin_388	0.0008551865	0.00081557425	1709	2095456	12
17119-05-02-243200066_1.fastq	bin_314	0.015958685	0.015397922	25172	1634766	173
17119-05-02-243200066_1.fastq	bin_497	0.011608472	0.01059584	16981	1602610	130
17119-05-02-243200066_1.fastq	bin_204	0.0010809664	0.0009163358	3739	4080382	34
17119-05-02-243200066_1.fastq	bin_340	2.986781	0.89762324	2064152	2299575	45153
17119-05-02-243200066_1.fastq	bin_278	0.01713597	0.014559667	32954	2263376	262
17119-05-02-243200066_1.fastq	bin_530	0.12721077	0.11737216	431996	3680566	3184
17119-05-02-243200066_1.fastq	bin_50	0.00013536436	0.00009280935	210	2262703	6
17119-05-02-243200066_1.fastq	bin_324	0.00830055	0.007981361	15028	1882887	109
17119-05-02-243200066_1.fastq	bin_401	0.0011818872	0.001180682	2605	2206352	18
17119-05-02-243200066_1.fastq	bin_215	0	0	0	1577803	0
17119-05-02-243200066_1.fastq	bin_310	0.00055536785	0.0005674492	1010	1779895	10
17119-05-02-243200066_1.fastq	bin_3	0	0	0	2122032	0
17119-05-02-243200066_1.fastq	bin_463	0.013570905	0.012344908	18974	1536990	257
17119-05-02-243200066_1.fastq	bin_309	0.006862251	0.0021812532	2692	1234153	87
17119-05-02-243200066_1.fastq	bin_65	0	0.00001785801	57	3191845	52
17119-05-02-243200066_1.fastq	bin_449	0.0015850499	0.0015708996	3009	1915463	20
17119-05-02-243200066_1.fastq	bin_248	2.0328162	0.35358557	714408	2020467	26982
17119-05-02-243200066_1.fastq	bin_16	0.005657392	0.0022144835	4450	2009498	225
17119-05-02-243200066_1.fastq	bin_121	0.00019241744	0.0001407988	261	1853709	4
17119-05-02-243200066_1.fastq	bin_146	0.44210985	0.13393092	313706	2342297	7018
17119-05-02-243200066_1.fastq	bin_244	0	0	0	2070260	0
17119-05-02-243200066_1.fastq	bin_71	0.024106089	0.0071993014	12260	1702943	355
17119-05-02-243200066_1.fastq	bin_320	0.0011851112	0.0011214557	2293	2044664	16
17119-05-02-243200066_1.fastq	bin_297	0.030943692	0.015733039	25368	1612403	837
17119-05-02-243200066_1.fastq	bin_492	0.006900683	0.006675529	12775	1913706	90
17119-05-02-243200066_1.fastq	bin_111	0.0068658013	0.00636475	15673	2462469	117
17119-05-02-243200066_1.fastq	bin_543	0.014442257	0.014176655	21660	1527864	147
17119-05-02-243200066_1.fastq	bin_100	0.005579217	0.0048970487	14114	2882144	114
17119-05-02-243200066_1.fastq	bin_520	0.000020591375	0.000020428495	43	2104903	1
17119-05-02-243200066_1.fastq	bin_143	0.012324335	0.010836353	55916	5160039	428
17119-05-02-243200066_1.fastq	bin_118	0.025891539	0.0058679804	10171	1733305	428
17119-05-02-243200066_1.fastq	bin_52	0.0033838612	0.0032948672	7833	2377334	56
17119-05-02-243200066_1.fastq	bin_390	0.08948305	0.08228757	314832	3825997	2326
17119-05-02-243200066_1.fastq	bin_383	36.992466	0.7640006	1783745	2334743	573684
17119-05-02-243200066_1.fastq	bin_94	0.0057562944	0.004697613	11150	2373546	97
17119-05-02-243200066_1.fastq	bin_567	0.0013527777	0.001363878	2065	1514065	33
17119-05-02-243200066_1.fastq	bin_526	0.015608282	0.000682603	2349	3441239	449
17119-05-02-243200066_1.fastq	bin_433	0.0018468953	0.0018306082	4142	2262636	28
17119-05-02-243200066_1.fastq	bin_164	0.0024727185	0.0010288717	2292	2227683	74
17119-05-02-243200066_1.fastq	bin_217	0.0013989189	0.0011519026	2110	1831752	17
17119-05-02-243200066_1.fastq	bin_490	0.012934081	0.012247358	21719	1773362	155
17119-05-02-243200066_1.fastq	bin_551	0.0050389064	0.0027790775	5631	2026212	74
17119-05-02-243200066_1.fastq	bin_263	0.108385615	0.095259815	169785	1782336	1301
17119-05-02-243200066_1.fastq	bin_554	0.004517479	0.004295295	14611	3401629	103
17119-05-02-243200066_1.fastq	bin_470	0.0038158977	0.0036673315	8446	2303037	59
17119-05-02-243200066_1.fastq	bin_387	0.013054098	0.012661195	22842	1804095	156
17119-05-02-243200066_1.fastq	bin_158	0.00017308182	0.00014633467	295	2015927	3
17119-05-02-243200066_1.fastq	bin_83	0.06897108	0.0502989	110157	2190048	997
17119-05-02-243200066_1.fastq	bin_28	0	0	0	830222	0
17119-05-02-243200066_1.fastq	bin_522	0.0032815882	0.0030807296	5872	1906042	42
17119-05-02-243200066_1.fastq	bin_253	0.14893596	0.116176985	306531	2638483	2794
17119-05-02-243200066_1.fastq	bin_473	0.012895312	0.011934911	23139	1938766	173
17119-05-02-243200066_1.fastq	bin_47	0	0.00002979501	54	1812384	7
17119-05-02-243200066_1.fastq	bin_479	0.00050753803	0.00046527846	1636	3516174	12
17119-05-02-243200066_1.fastq	bin_575	3.1792715	0.93370676	2559547	2741275	58191
17119-05-02-243200066_1.fastq	bin_157	13.518913	0.99032944	2625599	2651238	240036
17119-05-02-243200066_1.fastq	bin_342	0.0008870435	0.000803576	3764	4684062	30
17119-05-02-243200066_1.fastq	bin_465	0	0	0	1531037	0
17119-05-02-243200066_1.fastq	bin_511	0.13754433	0.11952316	322427	2697611	2533
17119-05-02-243200066_1.fastq	bin_148	0.00033955582	0.000298162	777	2605966	9
17119-05-02-243200066_1.fastq	bin_53	0.0010679684	0.00045735232	821	1795115	27
17119-05-02-243200066_1.fastq	bin_272	0.0031032015	0.0028034996	4139	1476369	30
17119-05-02-243200066_1.fastq	bin_8	0.00002406225	0.000023510016	63	2679709	1
17119-05-02-243200066_1.fastq	bin_392	2.199943	0.8282072	4155754	5017771	74711
17119-05-02-243200066_1.fastq	bin_140	0.000040647516	0.000020063802	32	1594912	2
17119-05-02-243200066_1.fastq	bin_571	4.005475	0.9374662	2665463	2843263	76239
17119-05-02-243200066_1.fastq	bin_535	0.00275885	0.0027512703	5708	2074678	38
17119-05-02-243200066_1.fastq	bin_30	0.025838492	0.022419367	39408	1757766	306
17119-05-02-243200066_1.fastq	bin_103	0.14108446	0.03148103	58082	1844984	1791
17119-05-02-243200066_1.fastq	bin_491	0.22213127	0.1740467	742648	4266947	6428
17119-05-02-243200066_1.fastq	bin_305	0.01750071	0.013786218	32049	2324713	274
17119-05-02-243200066_1.fastq	bin_209	0.018650338	0.00065138564	2091	3210080	2573
17119-05-02-243200066_1.fastq	bin_420	0.00077009253	0.00066995417	1348	2012078	10
17119-05-02-243200066_1.fastq	bin_137	0.014327082	0.0034129852	9473	2775576	420
17119-05-02-243200066_1.fastq	bin_446	0.00009318415	0.000030288924	38	1254584	3
17119-05-02-243200066_1.fastq	bin_486	0.0016524671	0.0008385852	2548	3038451	36
17119-05-02-243200066_1.fastq	bin_294	0.00089182565	0.000557364	1516	2719946	28
17119-05-02-243200066_1.fastq	bin_391	0.009273591	0.008851103	21543	2433934	151
17119-05-02-243200066_1.fastq	bin_11	0.021942206	0.018457297	25319	1371761	200
17119-05-02-243200066_1.fastq	bin_560	0.00034260674	0.0003024525	1200	3967565	12
17119-05-02-243200066_1.fastq	bin_437	0.003591645	0.0033795561	8008	2369542	59
17119-05-02-243200066_1.fastq	bin_87	0.0011986652	0.00058537256	2021	3452502	56
17119-05-02-243200066_1.fastq	bin_339	0.007464459	0.007073433	19328	2732478	139
17119-05-02-243200066_1.fastq	bin_432	0.00033288097	0.00031648995	1360	4297135	91
17119-05-02-243200066_1.fastq	bin_75	0.000052621126	0.000051716146	106	2049650	3
17119-05-02-243200066_1.fastq	bin_168	0.05006019	0.04585974	78593	1713769	581
17119-05-02-243200066_1.fastq	bin_61	0.00044268914	0.00037964823	1269	3342568	11
17119-05-02-243200066_1.fastq	bin_43	0.00030809033	0.00030528734	604	1978464	4
17119-05-02-243200066_1.fastq	bin_241	0.00004720527	0.00008512823	195	2290662	40
17119-05-02-243200066_1.fastq	bin_192	0	0	0	2603813	0
17119-05-02-243200066_1.fastq	bin_419	0.0063284417	0.0053431294	12500	2339453	102
17119-05-02-243200066_1.fastq	bin_177	0	0	0	1700575	0
17119-05-02-243200066_1.fastq	bin_579	0.008771365	0.008473203	23424	2764480	164
17119-05-02-243200066_1.fastq	bin_136	0.00020671057	0.000103058555	140	1358451	2
17119-05-02-243200066_1.fastq	bin_163	0	0	0	2359870	0
17119-05-02-243200066_1.fastq	bin_266	0.02141181	0.0036888656	8402	2277665	328
17119-05-02-243200066_1.fastq	bin_331	0.0027875386	0.002752737	5866	2130970	40
17119-05-02-243200066_1.fastq	bin_44	0.0005949704	0.0001296861	314	2421231	55
17119-05-02-243200066_1.fastq	bin_345	0.23082219	0.090745494	225255	2482272	3930
17119-05-02-243200066_1.fastq	bin_254	0	0	0	1216896	0
17119-05-02-243200066_1.fastq	bin_57	2.2732558	0.8471208	4651061	5490434	85515
17119-05-02-243200066_1.fastq	bin_112	0.022845471	0.015747977	37154	2359287	490
17119-05-02-243200066_1.fastq	bin_369	0.0013028649	0.0012811656	2693	2101992	19
17119-05-02-243200066_1.fastq	bin_273	0.015481876	0.005205656	7007	1346036	188
17119-05-02-243200066_1.fastq	bin_322	0.09495314	0.087196484	313873	3599606	2315
17119-05-02-243200066_1.fastq	bin_488	3.7432287	0.9374851	2659080	2836397	71023
17119-05-02-243200066_1.fastq	bin_410	0.0188484	0.01830226	34840	1903590	243
17119-05-02-243200066_1.fastq	bin_356	0.01671483	0.015283845	24020	1571594	203
17119-05-02-243200066_1.fastq	bin_323	0.13187137	0.11936427	439136	3678957	3293
17119-05-02-243200066_1.fastq	bin_132	0.024042424	0.007176889	15095	2103279	463
17119-05-02-243200066_1.fastq	bin_107	0.006115011	0.0045253024	12268	2710979	116
17119-05-02-243200066_1.fastq	bin_347	0.0038859656	0.0038060558	9152	2404589	62
17119-05-02-243200066_1.fastq	bin_306	0.041426077	0.005734154	7949	1386255	575
17119-05-02-243200066_1.fastq	bin_250	0.011601696	0.010251975	22507	2195382	171
17119-05-02-243200066_1.fastq	bin_170	36.07364	0.9998388	1066840	1067012	258851
17119-05-02-243200066_1.fastq	bin_472	3.979404	0.9380987	2663510	2839264	76378
17119-05-02-243200066_1.fastq	bin_37	0	0	0	1480046	0
17119-05-02-243200066_1.fastq	bin_325	0.09906402	0.089788504	405877	4520367	3055
17119-05-02-243200066_1.fastq	bin_95	0	0	0	1758082	0
17119-05-02-243200066_1.fastq	bin_483	0.09416727	0.080575235	198086	2458398	1622
17119-05-02-243200066_1.fastq	bin_210	0.0024989643	0.0010576962	2197	2077156	39
17119-05-02-243200066_1.fastq	bin_444	0.0007265466	0.0006572543	3043	4629867	30
17119-05-02-243200066_1.fastq	bin_348	0.11055125	0.10049893	299225	2977395	2231
17119-05-02-243200066_1.fastq	bin_494	0.00053580996	0.0006166	675	1094713	7
17119-05-02-243200066_1.fastq	bin_9	0.00023784976	0.00020772473	395	1901555	3
17119-05-02-243200066_1.fastq	bin_171	0.00081267103	0.0007408225	3992	5388605	171
17119-05-02-243200066_1.fastq	bin_24	2.9535418	0.9290732	2601391	2799985	55223
17119-05-02-243200066_1.fastq	bin_228	0	0.00002145907	55	2563019	12
17119-05-02-243200066_1.fastq	bin_270	0.0021762995	0.0011504143	3595	3124961	121
17119-05-02-243200066_1.fastq	bin_541	0.000050466006	0.00002444174	47	1922940	2
17119-05-02-243200066_1.fastq	bin_350	0.098410495	0.0894022	227968	2549915	1703
17119-05-02-243200066_1.fastq	bin_474	0.0017478839	0.0016336072	2615	1600752	18
17119-05-02-243200066_1.fastq	bin_234	0	0	0	947982	0
17119-05-02-243200066_1.fastq	bin_302	0	0	0	1315600	0
17119-05-02-243200066_1.fastq	bin_380	0.0020061536	0.0016713338	7765	4645990	71
17119-05-02-243200066_1.fastq	bin_562	0.02602489	0.023596684	77263	3274316	569
17119-05-02-243200066_1.fastq	bin_569	0	0	0	1538494	0
17119-05-02-243200066_1.fastq	bin_271	0	0	0	1707068	0
17119-05-02-243200066_1.fastq	bin_256	1.0936277	0.00849659	23449	2759813	22125
17119-05-02-243200066_1.fastq	bin_335	13.519857	0.9956221	2623957	2635495	238123
17119-05-02-243200066_1.fastq	bin_374	3.5330238	0.9199081	3673689	3993539	95587
17119-05-02-243200066_1.fastq	bin_428	6.032037	0.9367216	2660385	2840102	115041
17119-05-02-243200066_1.fastq	bin_510	41.51728	0.7849567	1640160	2089491	571121
17119-05-02-243200066_1.fastq	bin_276	0.000098419354	0.0001039418	251	2414813	6
17119-05-02-243200066_1.fastq	bin_202	0.0074314415	0.006425877	21167	3294025	167
17119-05-02-243200066_1.fastq	bin_568	0.00907179	0.008700555	14689	1688283	101
17119-05-02-243200066_1.fastq	bin_84	0.0043550436	0.0007949458	4239	5332439	620
17119-05-02-243200066_1.fastq	bin_10	0.00008671243	0.000085636755	175	2043515	2
17119-05-02-243200066_1.fastq	bin_317	0.015317035	0.009973661	16404	1644732	211
17119-05-02-243200066_1.fastq	bin_35	0.03979555	0.008477854	9975	1176595	398
17119-05-02-243200066_1.fastq	bin_408	2.6879296	0.6896645	1396203	2024467	35712
17119-05-02-243200066_1.fastq	bin_329	0.0007887838	0.00078600924	1558	1982165	11
17119-05-02-243200066_1.fastq	bin_435	0.008885806	0.008510883	14224	1671272	101
17119-05-02-243200066_1.fastq	bin_150	0.010425455	0.008987445	18733	2084352	150
17119-05-02-243200066_1.fastq	bin_570	0.00052243774	0.00045910204	1085	2363309	8
17119-05-02-243200066_1.fastq	bin_120	0.023593744	0.0051620975	6354	1230895	239
17119-05-02-243200066_1.fastq	bin_460	0.00013158617	0.00012678027	151	1191037	1
17119-05-02-243200066_1.fastq	bin_135	0.022982597	0.017713321	25611	1445861	220
17119-05-02-243200066_1.fastq	bin_240	0.0006141513	0.0004390172	692	1576248	15
17119-05-02-243200066_1.fastq	bin_361	0.20576793	0.0065683005	15257	2322823	6724
17119-05-02-243200066_1.fastq	bin_78	0.0002326366	0.00014065397	337	2395951	9
17119-05-02-243200066_1.fastq	bin_527	0.00028202738	0.0002493365	970	3890325	9
17119-05-02-243200066_1.fastq	bin_106	0	0	0	2299672	0
17119-05-02-243200066_1.fastq	bin_130	0.000024336669	0.00003905592	106	2714057	653
17119-05-02-243200066_1.fastq	bin_174	0.00063178444	0.0005519577	2551	4621731	24
17119-05-02-243200066_1.fastq	bin_59	0.057567738	0.014637415	54657	3734061	1530
17119-05-02-243200066_1.fastq	bin_267	0.47032034	0.017760225	38162	2148734	11260
17119-05-02-243200066_1.fastq	bin_536	0.11237551	0.103314206	336043	3252631	2486
17119-05-02-243200066_1.fastq	bin_226	0.0018940162	0.0016857496	5421	3215780	44
17119-05-02-243200066_1.fastq	bin_466	13.413244	0.9867678	2343695	2375123	209345
17119-05-02-243200066_1.fastq	bin_427	0.71790826	0.0064132656	17692	2758657	15080
17119-05-02-243200066_1.fastq	bin_469	0.08171082	0.07600262	306966	4038887	2248
17119-05-02-243200066_1.fastq	bin_213	0.0034201045	0.0026588347	5554	2088885	69
17119-05-02-243200066_1.fastq	bin_484	0.017052699	0.01646776	25690	1560018	179
17119-05-02-243200066_1.fastq	bin_151	0.018537538	0.0033395023	3876	1160652	147
17119-05-02-243200066_1.fastq	bin_223	0.007204966	0.006919743	13038	1884174	94
17119-05-02-243200066_1.fastq	bin_365	0.002950535	0.0027598431	4920	1782710	39
17119-05-02-243200066_1.fastq	bin_225	0.18695194	0.0077059935	25195	3269533	4397
17119-05-02-243200066_1.fastq	bin_12	0.0034603456	0.0025827037	6252	2420719	58
17119-05-02-243200066_1.fastq	bin_550	95.02734	0.99972445	2467219	2467899	1565834
17119-05-02-243200066_1.fastq	bin_104	0.015597823	0.014076742	24844	1764897	189
17119-05-02-243200066_1.fastq	bin_421	0.0024059203	0.0023412085	5114	2184342	35
17119-05-02-243200066_1.fastq	bin_231	0.0007769528	0.0007044951	1407	1997175	11
17119-05-02-243200066_1.fastq	bin_255	0	0	0	2348592	0
17119-05-02-243200066_1.fastq	bin_269	0	0	0	730184	0
17119-05-02-243200066_1.fastq	bin_389	0.12844148	0.117717676	314368	2670525	2340
17119-05-02-243200066_1.fastq	bin_116	0.0036022046	0.0025616952	5263	2054499	53
17119-05-02-243200066_1.fastq	bin_96	0	0	0	2458392	0
17119-05-02-243200066_1.fastq	bin_395	0.007962653	0.0076534385	16770	2191172	116
17119-05-02-243200066_1.fastq	bin_337	0.12334028	0.109823756	288687	2628639	2208
17119-05-02-243200066_1.fastq	bin_124	0.03290354	0.009646447	18776	1946416	537
17119-05-02-243200066_1.fastq	bin_429	0.0006885092	0.00046076614	1418	3077483	26
17119-05-02-243200066_1.fastq	bin_519	0.018020919	0.017604157	31167	1770434	213
17119-05-02-243200066_1.fastq	bin_258	0.014549945	0.012655427	25625	2024823	196
17119-05-02-243200066_1.fastq	bin_423	0.017584788	0.017362013	30174	1737932	204
17119-05-02-243200066_1.fastq	bin_182	0.02038107	0.0028523998	6246	2189735	314
17119-05-02-243200066_1.fastq	bin_411	1.1067337	0.54803413	637356	1162986	8520
17119-05-02-243200066_1.fastq	bin_500	0.0968208	0.08430619	202442	2401271	1620
17119-05-02-243200066_1.fastq	bin_558	3.022053	0.8896794	2006856	2255707	44808
17119-05-02-243200066_1.fastq	bin_127	0.0052274824	0.0019729957	4977	2522560	224
17119-05-02-243200066_1.fastq	bin_438	0.018209718	0.011237032	12903	1148257	179
17119-05-02-243200066_1.fastq	bin_532	3.6271956	0.93614477	2649079	2829775	68853
17119-05-02-243200066_1.fastq	bin_2	0.000016504373	0.000016371205	35	2137900	1
17119-05-02-243200066_1.fastq	bin_13	0.5862908	0.24851751	481322	1936773	7484
17119-05-02-243200066_1.fastq	bin_561	0.00013561662	0.0001330142	179	1345721	2
17119-05-02-243200066_1.fastq	bin_145	0.04083216	0.025773203	53052	2058417	1266
17119-05-02-243200066_1.fastq	bin_489	0.0031955754	0.0013091547	2731	2086079	55
17119-05-02-243200066_1.fastq	bin_357	0.09326418	0.084370874	337945	4005470	2546
17119-05-02-243200066_1.fastq	bin_299	10.283483	0.974272	1747919	1794077	127763
17119-05-02-243200066_1.fastq	bin_232	0.00016927057	0.00001964735	38	1934103	9
17119-05-02-243200066_1.fastq	bin_524	0.010684121	0.010129677	26837	2649344	190
17119-05-02-243200066_1.fastq	bin_5	0.004534998	0.0025862933	6114	2364001	72
17119-05-02-243200066_1.fastq	bin_249	0.01645351	0.0063983	13056	2040542	225
17119-05-02-243200066_1.fastq	bin_565	0.001633207	0.0015526434	3179	2047476	22
17119-05-02-243200066_1.fastq	bin_308	0.000015196775	0.00009250496	186	2010703	115
17119-05-02-243200066_1.fastq	bin_327	0.062525	0.020154297	35249	1748957	740
17119-05-02-243200066_1.fastq	bin_343	0.0008651603	0.0008563172	1780	2078669	13
17119-05-02-243200066_1.fastq	bin_512	0.098739974	0.089227475	211147	2366390	1645
17119-05-02-243200066_1.fastq	bin_69	0.0024469236	0.0007265629	1104	1519483	25
17119-05-02-243200066_1.fastq	bin_126	0.00029345113	0.0003271911	538	1644299	15
17119-05-02-243200066_1.fastq	bin_7	0.022182003	0.00386199	11520	2982918	444
17119-05-02-243200066_1.fastq	bin_502	0.10930183	0.09913338	221370	2233052	1666
17119-05-02-243200066_1.fastq	bin_259	0.009320656	0.00091673085	2864	3124145	452
17119-05-02-243200066_1.fastq	bin_242	0.017026274	0.00272916	9119	3341321	1187
17119-05-02-243200066_1.fastq	bin_385	0.003647213	0.0035290224	7477	2118717	52
17119-05-02-243200066_1.fastq	bin_537	81.416084	0.98579174	1546652	1568944	832354
17119-05-02-243200066_1.fastq	bin_311	0.016054166	0.01559567	23180	1486310	161
17119-05-02-243200066_1.fastq	bin_544	0.009659153	0.009460349	16340	1727209	111
17119-05-02-243200066_1.fastq	bin_523	0.10233268	0.09061236	346090	3819457	2663
17119-05-02-243200066_1.fastq	bin_172	0.0945754	0.084775314	210197	2479460	1608
17119-05-02-243200066_1.fastq	bin_441	0.016344575	0.015999686	30910	1931913	214
17119-05-02-243200066_1.fastq	bin_480	0.000020298463	0.000020016589	32	1598674	1
17119-05-02-243200066_1.fastq	bin_247	0	0	0	1598565	0
17119-05-02-243200066_1.fastq	bin_498	0.01725549	0.016759444	24489	1461206	170
17119-05-02-243200066_1.fastq	bin_481	0.0034166067	0.0033549694	8438	2515075	114
17119-05-02-243200066_1.fastq	bin_496	0.7273069	0.005525153	15303	2769697	15426
17119-05-02-243200066_1.fastq	bin_187	0	0.000034592253	58	1676676	59
17119-05-02-243200066_1.fastq	bin_245	0.0013387931	0.0013531103	2049	1514289	14
17119-05-02-243200066_1.fastq	bin_70	0.010048775	0.008841311	46136	5218231	351
17119-05-02-243200066_1.fastq	bin_303	1.3192614	0.56760776	1890370	3330416	30102
17119-05-02-243200066_1.fastq	bin_229	0.019225176	0.014470315	33617	2323170	303
17119-05-02-243200066_1.fastq	bin_440	0.0032297003	0.0030859332	9257	2999741	64
17119-05-02-243200066_1.fastq	bin_515	2.2900832	0.855795	3953649	4619855	71603
17119-05-02-243200066_1.fastq	bin_312	38.412193	0.7373622	1823291	2472721	633819
17119-05-02-243200066_1.fastq	bin_397	0.0011476141	0.0010594804	1751	1652697	17
17119-05-02-243200066_1.fastq	bin_109	0.00080525805	0.0007328247	2939	4010509	29
17119-05-02-243200066_1.fastq	bin_542	0.12617841	0.11467782	305115	2660628	2281
17119-05-02-243200066_1.fastq	bin_114	12.047099	0.994837	2127817	2138860	176552
17119-05-02-243200066_1.fastq	bin_199	0.0014291536	0.0012994409	3183	2449515	27
17119-05-02-243200066_1.fastq	bin_220	0.00040276098	0.00034073376	648	1901778	5
17119-05-02-243200066_1.fastq	bin_105	0.0010513056	0.0009934823	1720	1731284	12
17119-05-02-243200066_1.fastq	bin_131	0.00087802595	0.00083516527	2251	2695275	504
17119-05-02-243200066_1.fastq	bin_394	0.0015978321	0.0011899149	2584	2171584	23
17119-05-02-243200066_1.fastq	bin_354	0.00018185443	0.00004497601	78	1734258	5
17119-05-02-243200066_1.fastq	bin_381	0.007893155	0.0078093996	13932	1784004	93
17119-05-02-243200066_1.fastq	bin_370	0.014654924	0.014335113	22805	1590849	159
17119-05-02-243200066_1.fastq	bin_133	0.009777195	0.0092329085	25160	2725035	182
17119-05-02-243200066_1.fastq	bin_285	0.0015683003	0.0014544328	2789	1917586	20
17119-05-02-243200066_1.fastq	bin_238	2.7967997	0.11093456	204770	1845863	34177
17119-05-02-243200066_1.fastq	bin_431	0.00961439	0.009146388	17561	1919993	127
17119-05-02-243200066_1.fastq	bin_413	0.00052843743	0.00042723858	1048	2452962	14
17119-05-02-243200066_1.fastq	bin_307	0.031174075	0.0019212497	4321	2249057	600
17119-05-02-243200066_1.fastq	bin_212	1.4686316	0.6802112	1512970	2224265	21928
17119-05-02-243200066_1.fastq	bin_563	0.10804026	0.08291434	204170	2462421	1836
17119-05-02-243200066_1.fastq	bin_416	0.012017108	0.011631641	29995	2578742	209
17119-05-02-243200066_1.fastq	bin_233	0.00027442432	0.00014925002	473	3169179	7
17119-05-02-243200066_1.fastq	bin_379	0.096579194	0.08638428	369107	4272849	2814
17119-05-02-243200066_1.fastq	bin_540	0.0015354239	0.0013399333	2763	2062043	21
17119-05-02-243200066_1.fastq	bin_58	0.00014818086	0.00014797393	302	2040900	2
17119-05-02-243200066_1.fastq	bin_79	0.0006110045	0.00013030268	278	2133494	13
17119-05-02-243200066_1.fastq	bin_578	0.15030023	0.1338288	553377	4134962	4221
17119-05-02-243200066_1.fastq	bin_482	0.0020030357	0.0017216468	2432	1412601	31
